Alpha,Beta,Sharpe Ratio,Max Drawdown,Volatility,Total Return (%),Final Capital
0,0,-0.726446285615131,0,0.03642803052449456,102.0007986500331,202000.7986500331
